{
    "groups": [
        {
            "prefabName": "Tree",
            "count": 0,
            "temperature": 0.0,
            "padding": 2.0,
            "position": {
                "xMin": -45, "xMax": 45,
                "yMin": 0, "yMax": 0,
                "zMin": -45, "zMax": 45
            },
            "rotationRange": { "x": 0, "y": 0, "z": 0 },
            "scaleRange": {
                "xMin": 0.8, "xMax": 1.2,
                "yMin": 0.8, "yMax": 1.2,
                "zMin": 0.8, "zMax": 1.2
            }
        },
        {
            "prefabName": "Bush2",
            "count": 0,
            "temperature": 0.0,
            "padding": 2.0,
            "position": {
                "xMin": -15, "xMax": 15,
                "yMin": 0, "yMax": 0,
                "zMin": -15, "zMax": 15
            },
            "rotationRange": { "x": 0, "y": 0, "z": 0 },
            "scaleRange": {
                "xMin": 1.5, "xMax": 2.0,
                "yMin": 1.5, "yMax": 2.0,
                "zMin": 1.5, "zMax": 2.0
            }
        },
        {
            "prefabName": "Block",
            "count": 1,
            "temperature": 0.0,
            "padding": 0.0,
            "position": {
                "xMin": -11.010000228881836,
                "xMax": -11.010000228881836,
                "yMin": -0.10000000149011612,
                "yMax": -0.10000000149011612,
                "zMin": -5.289999961853027,
                "zMax": -5.289999961853027
            },
            "rotationRange": {
                "x": 0.0,
                "y": 47.29999923706055,
                "z": 0.0
            },
            "scaleRange": {
                "xMin": 2.4000000953674318,
                "xMax": 2.4000000953674318,
                "yMin": 2.299999952316284,
                "yMax": 2.299999952316284,
                "zMin": 3.0,
                "zMax": 3.0
            }
        },
        {
            "prefabName": "Block",
            "count": 1,
            "temperature": 0.0,
            "padding": 0.0,
            "position": {
                "xMin": -7.0,
                "xMax": -7.0,
                "yMin": -0.10000000149011612,
                "yMax": -0.10000000149011612,
                "zMin": -0.38999998569488528,
                "zMax": -0.38999998569488528
            },
            "rotationRange": {
                "x": 0.0,
                "y": 47.29999923706055,
                "z": 0.0
            },
            "scaleRange": {
                "xMin": 2.4000000953674318,
                "xMax": 2.4000000953674318,
                "yMin": 2.299999952316284,
                "yMax": 2.299999952316284,
                "zMin": 3.0,
                "zMax": 3.0
            }
        },
        {
            "prefabName": "Block",
            "count": 1,
            "temperature": 0.0,
            "padding": 0.0,
            "position": {
                "xMin": -1.5199999809265137,
                "xMax": -1.5199999809265137,
                "yMin": -0.10000000149011612,
                "yMax": -0.10000000149011612,
                "zMin": 3.3499999046325685,
                "zMax": 3.3499999046325685
            },
            "rotationRange": {
                "x": 0.0,
                "y": 47.29999923706055,
                "z": 0.0
            },
            "scaleRange": {
                "xMin": 2.4000000953674318,
                "xMax": 2.4000000953674318,
                "yMin": 2.299999952316284,
                "yMax": 2.299999952316284,
                "zMin": 3.0,
                "zMax": 3.0
            }
        },
        {
            "prefabName": "Block",
            "count": 1,
            "temperature": 0.0,
            "padding": 0.0,
            "position": {
                "xMin": 3.369999885559082,
                "xMax": 3.369999885559082,
                "yMin": -0.10000000149011612,
                "yMax": -0.10000000149011612,
                "zMin": 7.820000171661377,
                "zMax": 7.820000171661377
            },
            "rotationRange": {
                "x": 0.0,
                "y": 47.29999923706055,
                "z": 0.0
            },
            "scaleRange": {
                "xMin": 2.4000000953674318,
                "xMax": 2.4000000953674318,
                "yMin": 2.299999952316284,
                "yMax": 2.299999952316284,
                "zMin": 3.0,
                "zMax": 3.0
            }
        },
        {
            "prefabName": "Block",
            "count": 1,
            "temperature": 0.0,
            "padding": 0.0,
            "position": {
                "xMin": 10.239999771118164,
                "xMax": 10.239999771118164,
                "yMin": -0.10000000149011612,
                "yMax": -0.10000000149011612,
                "zMin": 6.5,
                "zMax": 6.5
            },
            "rotationRange": {
                "x": 0.0,
                "y": 47.29999923706055,
                "z": 0.0
            },
            "scaleRange": {
                "xMin": 2.4000000953674318,
                "xMax": 2.4000000953674318,
                "yMin": 2.299999952316284,
                "yMax": 2.299999952316284,
                "zMin": 3.0,
                "zMax": 3.0
            }
        },
        {
            "prefabName": "Block",
            "count": 1,
            "temperature": 0.0,
            "padding": 0.0,
            "position": {
                "xMin": 4.71999979019165,
                "xMax": 4.71999979019165,
                "yMin": -0.10000000149011612,
                "yMax": -0.10000000149011612,
                "zMin": 1.159999966621399,
                "zMax": 1.159999966621399
            },
            "rotationRange": {
                "x": 0.0,
                "y": 47.29999923706055,
                "z": 0.0
            },
            "scaleRange": {
                "xMin": 2.4000000953674318,
                "xMax": 2.4000000953674318,
                "yMin": 2.299999952316284,
                "yMax": 2.299999952316284,
                "zMin": 3.0,
                "zMax": 3.0
            }
        },
        {
            "prefabName": "Block",
            "count": 1,
            "temperature": 0.0,
            "padding": 0.0,
            "position": {
                "xMin": -1.3300000429153443,
                "xMax": -1.3300000429153443,
                "yMin": -0.10000000149011612,
                "yMax": -0.10000000149011612,
                "zMin": -2.9600000381469728,
                "zMax": -2.9600000381469728
            },
            "rotationRange": {
                "x": 0.0,
                "y": 47.29999923706055,
                "z": 0.0
            },
            "scaleRange": {
                "xMin": 2.4000000953674318,
                "xMax": 2.4000000953674318,
                "yMin": 2.299999952316284,
                "yMax": 2.299999952316284,
                "zMin": 3.0,
                "zMax": 3.0
            }
        },
        {
            "prefabName": "Block",
            "count": 1,
            "temperature": 0.0,
            "padding": 0.0,
            "position": {
                "xMin": -0.8399999737739563,
                "xMax": -0.8399999737739563,
                "yMin": -0.10000000149011612,
                "yMax": -0.10000000149011612,
                "zMin": -8.420000076293946,
                "zMax": -8.420000076293946
            },
            "rotationRange": {
                "x": 0.0,
                "y": 47.29999923706055,
                "z": 0.0
            },
            "scaleRange": {
                "xMin": 2.4000000953674318,
                "xMax": 2.4000000953674318,
                "yMin": 2.299999952316284,
                "yMax": 2.299999952316284,
                "zMin": 3.0,
                "zMax": 3.0
            }
        },
        {
            "prefabName": "Block",
            "count": 1,
            "temperature": 0.0,