Wall time,Step,Value
1744692710.3048453,1,1908.0
1744694304.0516336,2,1485.0
1744695941.4676905,3,1634.0
1744697240.1970475,4,1297.0
1744699836.6967347,5,2604.0
1744709485.792348,6,9663.0
1744726223.24819,7,16744.0
1744736895.3788655,8,10570.0
1744756031.5136392,9,19259.0
1744769815.1065767,10,13866.0
1744789406.8197255,11,19710.0
1744807828.300919,12,18508.0
1744808044.9850295,13,213.0
1744809689.725535,14,1650.0
1744831507.0456898,15,21907.0
