Wall time,Step,Value
1744693689.5929446,1,2783.0
1744695411.4261005,2,1712.0
1744695741.4214156,3,326.0
1744699117.4353912,4,3385.0
1744708484.6089647,5,9383.0
1744710812.0865426,6,2333.0
1744712932.5562875,7,2041.0
1744721104.7088826,8,8207.0
1744724733.8420882,9,3654.0
1744731189.0697222,10,6355.0
1744772657.7258046,11,41718.0
1744794916.1453042,12,22382.0
1744795666.6275156,13,749.0
1744799863.858633,14,4208.0
1744800947.5278897,15,1084.0
1744821231.9747508,16,20377.0
1744839214.2228198,17,18049.0
