Wall time,Step,Value
1744693944.791923,1,3035.0
1744694087.9023683,2,137.0
1744694810.8040853,3,719.0
1744708321.9748168,4,13541.0
1744710690.14197,5,2373.0
1744711771.6477146,6,1012.0
1744722781.3370688,7,11045.0
1744727901.9315884,8,5157.0
1744780655.4634106,9,52936.0
1744823558.936562,10,43108.0
1744832834.3951254,11,9313.0
1744834290.5193539,12,1458.0
1744834856.7503235,13,566.0
1744844248.669474,14,9408.0
1744858642.9110281,15,14445.0
