Wall time,Step,Value
1744693277.3394809,1,2389.0
1744696297.5550218,2,3001.0
1744697070.0154552,3,767.0
1744699625.7530053,4,2561.0
1744701701.0763865,5,2075.0
1744722321.4468608,6,20609.0
1744723188.7139833,7,870.0
1744744433.4631598,8,21222.0
1744761810.336173,9,17486.0
1744763589.1048923,10,1785.0
1744842471.4904637,11,79270.0
1744845509.3965476,12,3041.0
1744850772.2553232,13,5274.0
