{
    "groups": [
        {
            "prefabName": "RockWall",
            "count": 1,
            "temperature": 0.0,
            "position": {
                "xMin": 18.200000762939454,
                "xMax": 18.200000762939454,
                "yMin": 0.5,
                "yMax": 0.5,
                "zMin": -21.700000762939454,
                "zMax": -21.700000762939454
            },
            "rotationRange": {
                "x": 270.0,
                "y": 90.0,
                "z": 0.0
            },
            "scaleRange": {
                "xMin": 100.0,
                "xMax": 100.0,
                "yMin": 100.0,
                "yMax": 100.0,
                "zMin": 100.0,
                "zMax": 100.0
            }
        },
        {
            "prefabName": "RockWall",
            "count": 1,
            "temperature": 0.0,
            "position": {
                "xMin": 17.399999618530275,
                "xMax": 17.399999618530275,
                "yMin": 0.5,
                "yMax": 0.5,
                "zMin": -10.5,
                "zMax": -10.5
            },
            "rotationRange": {
                "x": 270.0,
                "y": 90.0,
                "z": 0.0
            },
            "scaleRange": {
                "xMin": 100.0,
                "xMax": 100.0,
                "yMin": 100.0,
                "yMax": 100.0,
                "zMin": 100.0,
                "zMax": 100.0
            }
        },
        {
            "prefabName": "RockWall",
            "count": 1,
            "temperature": 0.0,
            "position": {
                "xMin": 17.399999618530275,
                "xMax": 17.399999618530275,
                "yMin": 0.5,
                "yMax": 0.5,
                "zMin": 1.2999999523162842,
                "zMax": 1.2999999523162842
            },
            "rotationRange": {
                "x": 270.0,
                "y": 90.0,
                "z": 0.0
            },
            "scaleRange": {
                "xMin": 100.0,
                "xMax": 100.0,
                "yMin": 100.0,
                "yMax": 100.0,
                "zMin": 100.0,
                "zMax": 100.0
            }
        },
        {
            "prefabName": "RockWall",
            "count": 1,
            "temperature": 0.0,
            "position": {
                "xMin": 28.299999237060548,
                "xMax": 28.299999237060548,
                "yMin": 0.5,
                "yMax": 0.5,
                "zMin": -20.100000381469728,
                "zMax": -20.100000381469728
            },
            "rotationRange": {
                "x": 270.0,
                "y": 90.0,
                "z": 0.0
            },
            "scaleRange": {
                "xMin": 100.0,
                "xMax": 100.0,
                "yMin": 100.0,
                "yMax": 100.0,
                "zMin": 100.0,
                "zMax": 100.0
            }
        },
        {
            "prefabName": "RockWall",
            "count": 1,
            "temperature": 0.0,
            "position": {
                "xMin": 28.299999237060548,
                "xMax": 28.299999237060548,
                "yMin": 0.5,
                "yMax": 0.5,
                "zMin": -8.899999618530274,
                "zMax": -8.899999618530274
            },
            "rotationRange": {
                "x": 270.0,
                "y": 90.0,
                "z": 0.0
            },
            "scaleRange": {
                "xMin": 100.0,
                "xMax": 100.0,
                "yMin": 100.0,
                "yMax": 100.0,
                "zMin": 100.0,
                "zMax": 100.0
            }
        },
        {
            "prefabName": "RockWall",
            "count": 1,
            "temperature": 0.0,
            "position": {
                "xMin": 27.93000030517578,
                "xMax": 27.93000030517578,
                "yMin": 0.5,
                "yMax": 0.5,
                "zMin": 2.630000114440918,
                "zMax": 2.630000114440918
            },
            "rotationRange": {
                "x": 270.0,
                "y": 90.0,
                "z": 0.0
            },
            "scaleRange": {
                "xMin": 100.0,
                "xMax": 100.0,
                "yMin": 100.0,
                "yMax": 100.0,
                "zMin": 100.0,
                "zMax": 100.0
            }
        }
    ]
}