{
    "groups": [
        {
            "prefabName": "RockWall",
            "count": 1,
            "temperature": 0.0,
            "position": {
                "xMin": 8.770000457763672,
                "xMax": 8.770000457763672,
                "yMin": 0.5,
                "yMax": 0.5,
                "zMin": -34.66999816894531,
                "zMax": -34.66999816894531
            },
            "rotationRange": {
                "x": 270.0,
                "y": 245.63916015625,
                "z": 0.0
            },
            "scaleRange": {
                "xMin": 100.0,
                "xMax": 100.0,
                "yMin": 100.0,
                "yMax": 100.0,
                "zMin": 100.0,
                "zMax": 100.0
            }
        },
        {
            "prefabName": "RockWall",
            "count": 1,
            "temperature": 0.0,
            "position": {
                "xMin": 8.449999809265137,
                "xMax": 8.449999809265137,
                "yMin": 0.5,
                "yMax": 0.5,
                "zMin": -24.110000610351564,
                "zMax": -24.110000610351564
            },
            "rotationRange": {
                "x": 270.0,
                "y": 290.54034423828127,
                "z": 0.0
            },
            "scaleRange": {
                "xMin": 100.0,
                "xMax": 100.0,
                "yMin": 100.0,
                "yMax": 100.0,
                "zMin": 100.0,
                "zMax": 100.0
            }
        },
        {
            "prefabName": "RockWall",
            "count": 1,
            "temperature": 0.0,
            "position": {
                "xMin": 13.65999984741211,
                "xMax": 13.65999984741211,
                "yMin": 0.5,
                "yMax": 0.5,
                "zMin": -14.229999542236329,
                "zMax": -14.229999542236329
            },
            "rotationRange": {
                "x": 270.0,
                "y": 304.83355712890627,
                "z": 0.0
            },
            "scaleRange": {
                "xMin": 100.0,
                "xMax": 100.0,
                "yMin": 100.0,
                "yMax": 100.0,
                "zMin": 100.0,
                "zMax": 100.0
            }
        },
        {
            "prefabName": "RockWall",
            "count": 1,
            "temperature": 0.0,
            "position": {
                "xMin": 21.90999984741211,
                "xMax": 21.90999984741211,
                "yMin": 0.5,
                "yMax": 0.5,
                "zMin": -9.699999809265137,
                "zMax": -9.699999809265137
            },
            "rotationRange": {
                "x": 270.0,
                "y": 0.0,
                "z": 0.0
            },
            "scaleRange": {
                "xMin": 100.0,
                "xMax": 100.0,
                "yMin": 100.0,
                "yMax": 100.0,
                "zMin": 100.0,
                "zMax": 100.0
            }
        },
        {
            "prefabName": "RockWall",
            "count": 1,
            "temperature": 0.0,
            "position": {
                "xMin": 32.13999938964844,
                "xMax": 32.13999938964844,
                "yMin": 0.5,
                "yMax": 0.5,
                "zMin": -9.800000190734864,
                "zMax": -9.800000190734864
            },
            "rotationRange": {
                "x": 270.0,
                "y": 0.0,
                "z": 0.0
            },
            "scaleRange": {
                "xMin": 100.0,
                "xMax": 100.0,
                "yMin": 100.0,
                "yMax": 100.0,
                "zMin": 100.0,
                "zMax": 100.0
            }
        },
        {
            "prefabName": "RockWall",
            "count": 1,
            "temperature": 0.0,
            "position": {
                "xMin": 43.349998474121097,
                "xMax": 43.349998474121097,
                "yMin": 0.5,
                "yMax": 0.5,
                "zMin": -9.890000343322754,
                "zMax": -9.890000343322754
            },
            "rotationRange": {
                "x": 270.0,
                "y": 0.0,
                "z": 0.0
            },
            "scaleRange": {
                "xMin": 100.0,
                "xMax": 100.0,
                "yMin": 100.0,
                "yMax": 100.0,
                "zMin": 100.0,
                "zMax": 100.0
            }
        },
        {
            "prefabName": "RockWall",
            "count": 1,
            "temperature": 0.0,
            "position": {
                "xMin": -11.500001907348633,
                "xMax": -11.500001907348633,
                "yMin": 0.5,
                "yMax": 0.5,
                "zMin": -34.80000305175781,
                "zMax": -34.80000305175781
            },
            "rotationRange": {
                "x": 270.0,
                "y": 281.5325012207031,
                "z": 0.0
            },
            "scaleRange": {
                "xMin": 100.0,
                "xMax": 100.0,
                "yMin": 100.0,
                "yMax": 100.0,
                "zMin": 100.0,
                "zMax": 100.0
            }
        },
        {
            "prefabName": "RockWall",
            "count": 1,
            "temperature": 0.0,
            "position": {
                "xMin": -13.690001487731934,
                "xMax": -13.690001487731934,
                "yMin": 0.5,
                "yMax": 0.5,
                "zMin": -24.34000015258789,
                "zMax": -24.34000015258789
            },
            "rotationRange": {
                "x": 270.0,
                "y": 237.04510498046876,
                "z": 0.0
            },
            "scaleRange": {
                "xMin": 100.0,
                "xMax": 100.0,
                "yMin": 100.0,
                "yMax": 100.0,
                "zMin": 100.0,
                "zMax": 100.0
            }
        },
        {
            "prefabName": "RockWall",
            "count": 1,
            "temperature": 0.0,
            "position": {
                "xMin": -22.80000114440918,
                "xMax": -22.80000114440918,
                "yMin": 0.5,
                "yMax": 0.5,
                "zMin": -18.799999237060548,
                "zMax": -18.799999237060548
            },
            "rotationRange": {
                "x": 270.019775390625,
                "y": 185.55978393554688,
                "z": 0.0
            },
            "scaleRange": {
                "xMin": 100.0,
                "xMax": 100.0,
                "yMin": 100.0,
                "yMax": 100.0,
                "zMin": 100.0,
                "zMax": 100.0
            }
        },
        {
            "prefabName": "RockWall",
            "count": 1,
            "temperature": 0.0,
            "position": {
                "xMin": -34.30000305175781,
                "xMax": -34.30000305175781,
                "yMin": 0.5,
                "yMax": 0.5,
                "zMin": -17.700000762939454,
                "zMax": -17.700000762939454
            },
            "rotationRange": {
                "x": 270.019775390625,
                "y": 185.55978393554688,
                "z": 0.0
            },
            "scaleRange": {
                "xMin": 100.0,
                "xMax": 100.0,
                "yMin": 100.0,
                "yMax": 100.0,
                "zMin": 100.0,
                "zMax": 100.0
            }
        },
        {
            "prefabName": "RockWall",
            "count": 1,
            "temperature": 0.0,
            "position": {
                "xMin": -44.70000076293945,
                "xMax": -44.70000076293945,
                "yMin": 0.5,
                "yMax": 0.5,
                "zMin": -16.600000381469728,
                "zMax": -16.600000381469728
            },