{
    "groups": [
        {
            "prefabName": "Tree",
            "count": 1,
            "temperature": 0.0,
            "position": {
                "xMin": -29.999874114990236,
                "xMax": -29.999874114990236,
                "yMin": 0.44384002685546877,
                "yMax": 0.44384002685546877,
                "zMin": 30.000186920166017,
                "zMax": 30.000186920166017
            },
            "rotationRange": {
                "x": 359.9771728515625,
                "y": -0.004850197583436966,
                "z": 0.024413464590907098
            },
            "scaleRange": {
                "xMin": 1.10581374168396,
                "xMax": 1.10581374168396,
                "yMin": 2.0,
                "yMax": 2.0,
                "zMin": 1.0430262088775635,
                "zMax": 1.0430262088775635
            }
        },
        {
            "prefabName": "Tree",
            "count": 1,
            "temperature": 0.0,
            "position": {
                "xMin": -29.999874114990236,
                "xMax": -29.999874114990236,
                "yMin": 0.4438486099243164,
                "yMax": 0.4438486099243164,
                "zMin": -29.999807357788087,
                "zMax": -29.999807357788087
            },
            "rotationRange": {
                "x": 359.9766845703125,
                "y": -0.004760955460369587,
                "z": 0.024780329316854478
            },
            "scaleRange": {
                "xMin": 1.1237021684646607,
                "xMax": 1.1237021684646607,
                "yMin": 2.0,
                "yMax": 2.0,
                "zMin": 1.0687297582626343,
                "zMax": 1.0687297582626343
            }
        },
        {
            "prefabName": "Tree",
            "count": 1,
            "temperature": 0.0,
            "position": {
                "xMin": 27.299997329711915,
                "xMax": 27.299997329711915,
                "yMin": 0.44379520416259768,
                "yMax": 0.44379520416259768,
                "zMin": -28.299999237060548,
                "zMax": -28.299999237060548
            },
            "rotationRange": {
                "x": 359.9751892089844,
                "y": 0.007611493114382029,
                "z": 0.020434057340025903
            },
            "scaleRange": {
                "xMin": 0.8310930132865906,
                "xMax": 0.8310930132865906,
                "yMin": 2.0,
                "yMax": 2.0,
                "zMin": 1.0215786695480347,
                "zMax": 1.0215786695480347
            }
        }
    ]
}