Wall time,Step,Value
1744351773.0049126,1,1194.0
1744352857.9009993,2,811.0
1744353773.713516,3,808.0
1744356333.6653972,4,2356.0
1744358705.0889785,5,2172.0
1744360790.0784614,6,1940.0
1744364788.2129807,7,3721.0
1744368544.2758908,8,3483.0
1744371265.9058633,9,2494.0
1744373849.371944,10,2436.0
1744377370.5132723,11,3315.0
1744378949.6672761,12,1449.0
1744382019.3539653,13,2856.0
1744383160.3522744,14,1089.0
1744383807.3349385,15,620.0
1744384872.6355016,16,995.0
1744386122.8191319,17,1178.0
1744386748.6268735,18,601.0
1744388585.3249207,19,1707.0
1744390495.9851868,20,1782.0
1744398051.4246404,21,7071.0
1744401380.9542656,22,3161.0
1744403277.2418964,23,1337.0
1744422688.892424,24,17653.0
1744570494.484396,25,136403.0
1744581964.6597672,26,10483.0
1744585804.1453874,27,3597.0
1744590344.2495072,28,4165.0
1744636559.115446,29,42841.0
1744645678.6788316,30,8254.0
1744676560.877005,31,29154.0
1744685618.1639123,32,8774.0
