Wall time,Step,Value
1744350907.6906826,1,591.0
1744352320.1853065,2,949.0
1744353309.7688062,3,871.0
1744355093.0542088,4,1616.0
1744355996.1190393,5,825.0
1744359278.1215563,6,3007.0
1744360447.6777751,7,1108.0
1744364019.8142192,8,3317.0
1744364664.5196254,9,596.0
1744365456.752037,10,729.0
1744375532.1474369,11,9375.0
1744376088.7771556,12,527.0
1744380989.8378224,13,4544.0
1744381826.464575,14,779.0
1744383665.3447008,15,1769.0
1744386893.3966706,16,3063.0
1744390886.4096985,17,3723.0
1744392918.0722995,18,1923.0
1744393875.8271234,19,876.0
1744420571.7553957,20,24113.0
1744431144.5147448,21,9894.0
