Wall time,Step,Value
1744351754.0336819,1,1186.0
1744352943.358282,2,891.0
1744361039.526038,3,7444.0
1744361690.2805376,4,617.0
1744362769.2430346,5,1003.0
1744364165.3188615,6,1286.0
1744365311.3406935,7,1050.0
1744369122.0770643,8,3501.0
1744372439.7417772,9,3110.0
1744374604.5142996,10,2030.0
1744387667.8022625,11,12256.0
1744389479.2760003,12,1689.0
1744396658.3304212,13,6750.0
1744398828.425693,14,2015.0
1744440416.5074494,15,38124.0
1744442707.5373068,16,2152.0
1744452975.4542482,17,9488.0
1744453273.726891,18,281.0
1744454608.3362663,19,1218.0
1744465265.3648863,20,9951.0
1744471507.6049798,21,5834.0
1744491605.715505,22,18897.0
1744505392.433686,23,12299.0
1744515243.1902332,24,9073.0
1744519726.7527776,25,4295.0
