{
    "groups": [
        {
            "prefabName": "Tree",
            "count": 1,
            "temperature": 0.0,
            "position": {
                "xMin": 27.299999237060548,
                "xMax": 27.299999237060548,
                "yMin": 0.4000000059604645,
                "yMax": 0.4000000059604645,
                "zMin": -28.299999237060548,
                "zMax": -28.299999237060548
            },
            "rotationRange": {
                "x": 359.9769287109375,
                "y": 0.0078507075086236,
                "z": 0.01879071444272995
            },
            "scaleRange": {
                "xMin": 0.8310930132865906,
                "xMax": 0.8310930132865906,
                "yMin": 2.0,
                "yMax": 2.0,
                "zMin": 1.0215786695480347,
                "zMax": 1.0215786695480347
            }
        },
        {
            "prefabName": "Tree",
            "count": 1,
            "temperature": 0.0,
            "position": {
                "xMin": -29.999874114990236,
                "xMax": -29.999874114990236,
                "yMin": 0.44384765625,
                "yMax": 0.44384765625,
                "zMin": -29.999807357788087,
                "zMax": -29.999807357788087
            },
            "rotationRange": {
                "x": 359.9766845703125,
                "y": -0.004760966636240482,
                "z": 0.024780379608273507
            },
            "scaleRange": {
                "xMin": 1.1237021684646607,
                "xMax": 1.1237021684646607,
                "yMin": 2.0,
                "yMax": 2.0,
                "zMin": 1.0687297582626343,
                "zMax": 1.0687297582626343
            }
        },
        {
            "prefabName": "Tree",
            "count": 1,
            "temperature": 0.0,
            "position": {
                "xMin": -29.999874114990236,
                "xMax": -29.999874114990236,
                "yMin": 0.44384002685546877,
                "yMax": 0.44384002685546877,
                "zMin": 30.000186920166017,
                "zMax": 30.000186920166017
            },
            "rotationRange": {
                "x": 359.9771728515625,
                "y": -0.004850197583436966,
                "z": 0.024413464590907098
            },
            "scaleRange": {
                "xMin": 1.10581374168396,
                "xMax": 1.10581374168396,
                "yMin": 2.0,
                "yMax": 2.0,
                "zMin": 1.0430262088775635,
                "zMax": 1.0430262088775635
            }
        },
        {
            "prefabName": "Bush2",
            "count": 70,
            "temperature": 0.0,
            "position": {
                "xMin": -48, "xMax": 48,
                "yMin": 0, "yMax": 0,
                "zMin": -48, "zMax": 48
            },
            "rotationRange": { "x": 0, "y": 0, "z": 0 },
            "scaleRange": {
                "xMin": 1.5, "xMax": 2.0,
                "yMin": 1.5, "yMax": 2.0,
                "zMin": 1.5, "zMax": 2.0
            }
        },
        {
            "prefabName": "Small_Rock1",
            "count": 20,
            "temperature": 0.0,
            "position": {
                "xMin": -45, "xMax": 45,
                "yMin": 0, "yMax": 0,
                "zMin": -45, "zMax": 45
            },
            "rotationRange": { "x": 0, "y": 360, "z": 0 },
            "scaleRange": {
                "xMin": 1, "xMax": 1,
                "yMin": 1, "yMax": 1,
                "zMin": 1, "zMax": 1
            }
        },
        {
            "prefabName": "SM_campfire_001_AmbienceFX",
            "count": 10,
            "temperature": 10000.0,
            "position": {
                "xMin": -45, "xMax": 45,
                "yMin": 0.5, "yMax": 0.5,
                "zMin": -45, "zMax": 45
            },
            "rotationRange": { "x": 0, "y": 360, "z": 0 },
            "scaleRange": {
                "xMin": 2, "xMax": 2,
                "yMin": 2, "yMax": 2,
                "zMin": 2, "zMax": 2
            }
        }
    ]
}
